train/std,rollout/ep_rew_mean,train/n_updates,time/time_elapsed,time/fps,train/entropy_loss,train/learning_rate,train/explained_variance,time/iterations,train/value_loss,time/total_timesteps,rollout/ep_len_mean,train/policy_loss
1.0175703763961792,-9786.083345199999,99,1,318,-4.309796333312988,0.0007,-0.00013709068298339844,100,109130.265625,500,100.0,-1360.6702880859375
1.0256236791610718,-9615.127289200002,199,2,395,-4.332606792449951,0.0007,0.008807539939880371,200,110065.7109375,1000,100.0,-1450.288818359375
1.0230164527893066,-9678.447183000002,299,3,430,-4.324756622314453,0.0007,-0.0006483793258666992,300,112031.828125,1500,100.0,-1328.342529296875
1.0222923755645752,-9762.768829699999,399,4,450,-4.322015762329102,0.0007,-0.00013530254364013672,400,111782.578125,2000,100.0,-1281.9632568359375
1.023313283920288,-9774.83497936,499,5,463,-4.324817180633545,0.0007,-1.9073486328125e-06,500,110685.5,2500,100.0,-1284.5955810546875
1.0204495191574097,-9823.273742933332,599,6,472,-4.316704750061035,0.0007,0.0015677213668823242,600,112551.5546875,3000,100.0,-1571.1131591796875
1.0265110731124878,-9857.687447199998,699,7,479,-4.334028720855713,0.0007,0.0018523335456848145,700,112048.3125,3500,100.0,-1160.1474609375
1.0325524806976318,-9904.38908115,799,8,484,-4.3524675369262695,0.0007,1.2695789337158203e-05,800,112105.0234375,4000,100.0,-1368.4268798828125
1.0335878133773804,-9940.384906222223,899,9,488,-4.356168746948242,0.0007,-1.1801719665527344e-05,900,111569.8515625,4500,100.0,-1419.6263427734375
1.0375232696533203,-9965.99679542,999,10,491,-4.366326332092285,0.0007,0.045337796211242676,1000,108833.578125,5000,100.0,-1541.19921875
1.0357086658477783,-9982.665895872728,1099,11,494,-4.364688873291016,0.0007,8.106231689453125e-06,1100,111825.0234375,5500,100.0,-1623.86083984375
1.0351694822311401,-9998.225654316666,1199,12,497,-4.357635498046875,0.0007,3.516674041748047e-06,1200,112263.828125,6000,100.0,-1187.1129150390625
1.0401556491851807,-10013.42015376923,1299,13,499,-4.373052597045898,0.0007,4.470348358154297e-05,1300,112212.0546875,6500,100.0,-1294.5068359375
1.0459506511688232,-10026.59327302857,1399,13,500,-4.387267589569092,0.0007,2.384185791015625e-05,1400,112130.3515625,7000,100.0,-1077.8109130859375
1.0496476888656616,-10036.272105813336,1499,14,502,-4.400649547576904,0.0007,5.662441253662109e-06,1500,112028.6015625,7500,100.0,-1371.3916015625
1.0544661283493042,-10051.2216925375,1599,15,503,-4.412795543670654,0.0007,1.2516975402832031e-05,1600,111939.1640625,8000,100.0,-1134.190673828125
1.0539745092391968,-10058.352757623528,1699,16,504,-4.410937786102295,0.0007,8.678436279296875e-05,1700,111709.5546875,8500,100.0,-1114.6219482421875
1.057709813117981,-10064.025442822223,1799,17,505,-4.423333168029785,0.0007,9.357929229736328e-06,1800,111359.2734375,9000,100.0,-1358.2274169921875
1.0582692623138428,-10071.084615273685,1899,18,506,-4.425261974334717,0.0007,7.69495964050293e-05,1900,111197.6484375,9500,100.0,-1332.3388671875
1.0557966232299805,-10064.758690499999,1999,19,507,-4.416797161102295,0.0007,1.621246337890625e-05,2000,111534.0390625,10000,100.0,-1255.6610107421875
1.0637123584747314,-10082.16064551,2099,20,508,-4.440106391906738,0.0007,7.152557373046875e-07,2100,111436.203125,10500,100.0,-1408.357421875
1.0688481330871582,-10123.81370518,2199,21,508,-4.455380439758301,0.0007,1.0728836059570312e-05,2200,111335.6015625,11000,100.0,-1626.2064208984375
1.0703158378601074,-10144.385469710001,2299,22,509,-4.4582109451293945,0.0007,2.682209014892578e-06,2300,111237.953125,11500,100.0,-1418.715087890625
1.0692517757415771,-10154.39604561,2399,23,509,-4.45331335067749,0.0007,7.68899917602539e-06,2400,111140.8046875,12000,100.0,-1107.5460205078125
1.0732216835021973,-10175.041117019999,2499,24,510,-4.465749740600586,0.0007,3.039836883544922e-06,2500,111041.3046875,12500,100.0,-1371.69970703125
1.0722568035125732,-10183.600968140001,2599,25,510,-4.462234020233154,0.0007,0.0,2600,110944.1171875,13000,100.0,-1190.7645263671875
1.0819556713104248,-10193.93356885,2699,26,511,-4.491254806518555,0.0007,1.7881393432617188e-07,2700,110558.2265625,13500,100.0,-1555.2640380859375
1.0827438831329346,-10194.66680139,2799,27,511,-4.493251323699951,0.0007,5.960464477539062e-07,2800,110590.1796875,14000,100.0,-1600.4173583984375
1.093103289604187,-10187.22443174,2899,28,512,-4.519440650939941,0.0007,0.0,2900,110068.515625,14500,100.0,-1432.34228515625
1.1052056550979614,-10190.222351440001,2999,29,512,-4.552211284637451,0.0007,0.0,3000,110227.8984375,15000,100.0,-1259.206787109375
1.1120712757110596,-10194.97941826,3099,30,512,-4.571279525756836,0.0007,0.0,3100,110454.1015625,15500,100.0,-1429.2528076171875
1.1196788549423218,-10198.295894300001,3199,31,513,-4.591184139251709,0.0007,3.6954879760742188e-06,3200,110226.578125,16000,100.0,-1410.15234375
1.1308082342147827,-10197.40753869,3299,32,513,-4.623260498046875,0.0007,-2.384185791015625e-07,3300,109233.6484375,16500,100.0,-1525.6273193359375
1.131612777709961,-10191.220390769999,3399,33,513,-4.626509189605713,0.0007,0.0,3400,110054.4765625,17000,100.0,-1619.07666015625
1.1306793689727783,-10191.44023815,3499,34,514,-4.622278690338135,0.0007,2.7418136596679688e-06,3500,108762.4765625,17500,100.0,-1424.0296630859375
1.1355218887329102,-10179.18910757,3599,34,514,-4.633183479309082,0.0007,5.960464477539062e-07,3600,107813.2734375,18000,100.0,-1210.2161865234375
1.1404147148132324,-10183.594840120002,3699,35,514,-4.648287296295166,0.0007,0.0,3700,109504.1796875,18500,100.0,-1421.6239013671875
1.1425588130950928,-10186.12980999,3799,36,514,-4.655066967010498,0.0007,1.1920928955078125e-07,3800,109578.125,19000,100.0,-1592.36669921875
1.1475565433502197,-10186.42113078,3899,37,514,-4.664951324462891,0.0007,4.172325134277344e-07,3900,109678.0390625,19500,100.0,-1231.0223388671875
1.1528786420822144,-10196.51424615,3999,38,515,-4.678041458129883,0.0007,4.76837158203125e-07,4000,109020.9296875,20000,100.0,-1340.152587890625
1.1651334762573242,-10198.08686953,4099,39,515,-4.70736026763916,0.0007,0.0,4100,108768.578125,20500,100.0,-1137.5887451171875
1.1705222129821777,-10196.405288,4199,40,515,-4.720929145812988,0.0007,-1.1920928955078125e-07,4200,109049.3515625,21000,100.0,-1183.0291748046875
1.175555944442749,-10195.292163490001,4299,41,515,-4.736033916473389,0.0007,0.0,4300,109284.9921875,21500,100.0,-1413.3050537109375
1.1786669492721558,-10189.683403850002,4399,42,515,-4.742164611816406,0.0007,0.0,4400,108209.9296875,22000,100.0,-1386.078857421875
1.188663363456726,-10180.963180510002,4499,43,515,-4.766706943511963,0.0007,0.0,4500,107575.8984375,22500,100.0,-1448.7098388671875
1.1934537887573242,-10171.192620870002,4599,44,516,-4.777032375335693,0.0007,0.0,4600,107341.4609375,23000,100.0,-1326.7249755859375
1.1970241069793701,-10158.83425353,4699,45,516,-4.784546852111816,0.0007,0.0,4700,108767.703125,23500,100.0,-1353.841796875
1.2005637884140015,-10153.794488470001,4799,46,516,-4.793607234954834,0.0007,-1.1920928955078125e-07,4800,108362.7890625,24000,100.0,-1344.3328857421875
1.2075059413909912,-10157.08917923,4899,47,516,-4.809525489807129,0.0007,1.7881393432617188e-07,4900,108085.265625,24500,100.0,-1256.072998046875
1.2131388187408447,-10151.197267400003,4999,48,516,-4.824923038482666,0.0007,1.1920928955078125e-07,5000,108204.8046875,25000,100.0,-1430.563232421875
1.2324156761169434,-10149.39977801,5099,49,516,-4.871222972869873,0.0007,-1.1920928955078125e-07,5100,108519.9921875,25500,100.0,-1278.1907958984375
1.2360374927520752,-10146.292259490001,5199,50,516,-4.883440017700195,0.0007,0.0,5200,108421.1171875,26000,100.0,-1569.1552734375
1.2402992248535156,-10145.41884137,5299,51,516,-4.896132946014404,0.0007,-2.384185791015625e-07,5300,108297.140625,26500,100.0,-1799.2333984375
1.2438961267471313,-10147.64172641,5399,52,516,-4.900893688201904,0.0007,0.0,5400,108231.0,27000,100.0,-1181.119140625
1.251428484916687,-10147.30936649,5499,53,517,-4.919061660766602,0.0007,1.1920928955078125e-07,5500,107435.7734375,27500,100.0,-1339.380859375
1.2541192770004272,-10150.95406304,5599,54,517,-4.9249267578125,0.0007,0.0,5600,107720.625,28000,100.0,-1214.235595703125
1.2463734149932861,-10146.8542467,5699,55,517,-4.909852027893066,0.0007,1.1920928955078125e-07,5700,106587.5625,28500,100.0,-1582.3441162109375
1.2479374408721924,-10140.61463864,5799,56,517,-4.912473678588867,0.0007,1.7881393432617188e-07,5800,107414.1484375,29000,100.0,-1452.974853515625
1.2541747093200684,-10134.60305249,5899,57,517,-4.927037715911865,0.0007,0.0,5900,106293.078125,29500,100.0,-1402.2825927734375
1.2557423114776611,-10130.78508946,5999,57,517,-4.93050479888916,0.0007,0.0,6000,106597.125,30000,100.0,-1328.6484375
1.256879210472107,-10131.13917264,6099,58,517,-4.935214996337891,0.0007,0.0,6100,106690.015625,30500,100.0,-1760.1578369140625
1.2684215307235718,-10121.92586934,6199,59,517,-4.962566375732422,0.0007,1.7881393432617188e-07,6200,104343.0703125,31000,100.0,-1724.3494873046875
1.2793196439743042,-10118.818179189999,6299,60,517,-4.985469341278076,0.0007,0.0,6300,106800.265625,31500,100.0,-1445.8441162109375
1.2892804145812988,-10112.912283970001,6399,61,517,-5.005001068115234,0.0007,0.0,6400,104665.28125,32000,100.0,-1253.5194091796875
1.2998759746551514,-10115.78763721,6499,62,517,-5.027500152587891,0.0007,0.0,6500,105991.25,32500,100.0,-1399.314208984375
1.2982263565063477,-10113.53546804,6599,63,517,-5.023956298828125,0.0007,-1.1920928955078125e-07,6600,106500.703125,33000,100.0,-1426.9984130859375
1.3032817840576172,-10120.6492539,6699,64,518,-5.034139633178711,0.0007,0.0,6700,106573.9296875,33500,100.0,-1575.4259033203125
1.310221791267395,-10123.446199470001,6799,65,518,-5.049720287322998,0.0007,2.980232238769531e-07,6800,106324.3125,34000,100.0,-1451.219970703125
1.3141436576843262,-10122.09195023,6899,66,518,-5.0610504150390625,0.0007,0.0,6900,106118.6484375,34500,100.0,-1642.681884765625
1.3179419040679932,-10123.545553259999,6999,67,518,-5.06901741027832,0.0007,0.0,7000,106036.5234375,35000,100.0,-1443.460205078125
1.3155195713043213,-10120.59832403,7099,68,518,-5.063515663146973,0.0007,4.172325134277344e-07,7100,106042.078125,35500,100.0,-1306.0570068359375
1.3211901187896729,-10119.74336768,7199,69,518,-5.076213359832764,0.0007,2.980232238769531e-07,7200,105801.375,36000,100.0,-1247.9171142578125
1.3188396692276,-10120.51884487,7299,70,518,-5.075892925262451,0.0007,2.980232238769531e-07,7300,106134.453125,36500,100.0,-1682.6585693359375
1.3308011293411255,-10120.967656809999,7399,71,518,-5.102883338928223,0.0007,0.0,7400,105313.2265625,37000,100.0,-1467.6383056640625
1.337473750114441,-10116.49848734,7499,72,518,-5.120003700256348,0.0007,0.0,7500,105199.703125,37500,100.0,-1876.0045166015625
1.34368896484375,-10119.388885629998,7599,73,518,-5.131715774536133,0.0007,0.0,7600,104884.625,38000,100.0,-1436.476806640625
1.3453891277313232,-10115.97714778,7699,74,518,-5.137813091278076,0.0007,0.0,7700,105399.6015625,38500,100.0,-1744.493408203125
1.3501871824264526,-10115.09660198,7799,75,518,-5.147193908691406,0.0007,0.0,7800,104294.390625,39000,100.0,-1541.71923828125
1.3514093160629272,-10105.446612040001,7899,76,518,-5.149453163146973,0.0007,-1.1920928955078125e-07,7900,102866.96875,39500,100.0,-1418.990234375
1.3657405376434326,-10103.46502181,7999,77,518,-5.178257942199707,0.0007,0.0,8000,104678.9609375,40000,100.0,-1369.400634765625
1.3748821020126343,-10095.849491649999,8099,78,518,-5.199863433837891,0.0007,0.0,8100,103365.484375,40500,100.0,-1405.363037109375
1.3881162405014038,-10086.74457261,8199,79,518,-5.228395462036133,0.0007,1.1920928955078125e-07,8200,103745.8984375,41000,100.0,-1524.4061279296875
1.3846702575683594,-10066.16580459,8299,79,518,-5.220536231994629,0.0007,8.344650268554688e-07,8300,104303.109375,41500,100.0,-1557.7825927734375
1.3898179531097412,-10065.15022149,8399,80,519,-5.230591773986816,0.0007,0.0,8400,103104.3984375,42000,100.0,-1414.3773193359375
1.3938134908676147,-10060.37478296,8499,81,519,-5.240083694458008,0.0007,0.0,8500,104250.9921875,42500,100.0,-1604.184326171875
1.395799994468689,-10053.14414524,8599,82,519,-5.242408275604248,0.0007,0.0,8600,104387.4296875,43000,100.0,-1328.5360107421875
1.3999669551849365,-10025.567619379999,8699,83,519,-5.253093242645264,0.0007,0.0,8700,103944.8359375,43500,100.0,-1718.8408203125
1.404709815979004,-10017.29936008,8799,84,519,-5.263028144836426,0.0007,1.1920928955078125e-07,8800,104889.7265625,44000,100.0,-1660.9310302734375
1.416858434677124,-9994.04356878,8899,85,519,-5.286981582641602,0.0007,-1.1920928955078125e-07,8900,103331.890625,44500,100.0,-1427.6510009765625
1.421817660331726,-9982.779775410001,8999,86,519,-5.301455020904541,0.0007,-1.1920928955078125e-07,9000,104346.25,45000,100.0,-1707.7574462890625
1.429722547531128,-9968.40691076,9099,87,519,-5.3189697265625,0.0007,1.1920928955078125e-07,9100,103969.8515625,45500,100.0,-2050.038818359375
1.4355090856552124,-9938.45035703,9199,88,519,-5.3280487060546875,0.0007,0.0,9200,104381.7265625,46000,100.0,-1761.5394287109375
1.4426965713500977,-9922.21382613,9299,89,519,-5.338571548461914,0.0007,0.0,9300,103890.1875,46500,100.0,-1431.1929931640625
1.4548709392547607,-9898.358716119998,9399,90,519,-5.363858699798584,0.0007,0.0,9400,103097.03125,47000,100.0,-1644.6717529296875
1.459586501121521,-9873.0931349,9499,91,519,-5.36957311630249,0.0007,0.0,9500,104369.2890625,47500,100.0,-1453.5823974609375
1.4600045680999756,-9857.577972149998,9599,92,519,-5.373155117034912,0.0007,0.0,9600,103933.4765625,48000,100.0,-1653.6043701171875
1.4602826833724976,-9833.65032649,9699,93,519,-5.37064266204834,0.0007,0.0,9700,102837.3046875,48500,100.0,-1443.9842529296875
1.4616761207580566,-9814.81792135,9799,94,519,-5.372847557067871,0.0007,0.0,9800,104156.453125,49000,100.0,-1591.4293212890625
1.4670076370239258,-9815.874358860001,9899,95,519,-5.382715225219727,0.0007,0.0,9900,102636.7109375,49500,100.0,-1322.2655029296875
1.4630045890808105,-9799.85003711,9999,96,519,-5.374453067779541,0.0007,0.0,10000,102543.140625,50000,100.0,-1416.5814208984375
1.4534568786621094,-9793.514688920002,10099,97,519,-5.357439994812012,0.0007,0.0,10100,101628.859375,50500,100.0,-1597.186767578125
1.4564497470855713,-9788.34549782,10199,98,519,-5.363244533538818,0.0007,0.0,10200,102381.5,51000,100.0,-1739.577392578125
1.4608639478683472,-9797.95580259,10299,99,519,-5.371365547180176,0.0007,0.0,10300,102758.828125,51500,100.0,-1470.90576171875
1.4656522274017334,-9775.965156600001,10399,100,519,-5.383728981018066,0.0007,0.0,10400,103032.3046875,52000,100.0,-1726.4090576171875
1.4661366939544678,-9775.149316500001,10499,101,519,-5.386338710784912,0.0007,0.0,10500,102718.5390625,52500,100.0,-1964.8531494140625
1.469103217124939,-9777.64790277,10599,101,519,-5.390239238739014,0.0007,0.0,10600,102465.09375,53000,100.0,-1551.1937255859375
1.4861748218536377,-9803.783739389999,10699,102,519,-5.4245710372924805,0.0007,0.0,10700,102810.21875,53500,100.0,-1496.2813720703125
1.504022479057312,-9802.774287979999,10799,103,519,-5.462333679199219,0.0007,2.384185791015625e-07,10800,101453.6171875,54000,100.0,-1606.221923828125
1.4981745481491089,-9821.054635620001,10899,104,519,-5.448535442352295,0.0007,0.0,10900,103187.3359375,54500,100.0,-1953.622314453125
1.501675009727478,-9806.71178438,10999,105,519,-5.455827713012695,0.0007,0.0,11000,102469.8671875,55000,100.0,-1662.1453857421875
1.508062720298767,-9807.39323844,11099,106,519,-5.468321800231934,0.0007,0.0,11100,101628.640625,55500,100.0,-1416.5093994140625
1.510181188583374,-9830.58903871,11199,107,519,-5.475255966186523,0.0007,0.0,11200,102617.3984375,56000,100.0,-1555.614013671875
1.5142831802368164,-9834.02817345,11299,108,519,-5.480792045593262,0.0007,1.1920928955078125e-07,11300,102505.25,56500,100.0,-1756.166015625
1.5347967147827148,-9856.45209788,11399,109,519,-5.519202709197998,0.0007,0.0,11400,101047.7578125,57000,100.0,-1612.109375
1.54332435131073,-9885.71862769,11499,110,519,-5.536844730377197,0.0007,0.0,11500,101871.625,57500,100.0,-1777.026611328125
1.5428271293640137,-9894.040086320001,11599,111,519,-5.535638332366943,0.0007,0.0,11600,100313.5234375,58000,100.0,-1793.5999755859375
1.5460751056671143,-9911.37999131,11699,112,519,-5.545309066772461,0.0007,0.0,11700,101402.640625,58500,100.0,-2037.5946044921875
1.5376100540161133,-9934.76861406,11799,113,519,-5.523965358734131,0.0007,0.0,11800,102657.5390625,59000,100.0,-1418.179443359375
1.5394810438156128,-9948.28528211,11899,114,519,-5.5282721519470215,0.0007,0.0,11900,101591.9453125,59500,100.0,-1615.4896240234375
1.541758418083191,-9968.027472060001,11999,115,519,-5.529211044311523,0.0007,0.0,12000,101224.0859375,60000,100.0,-1412.37548828125
1.5540422201156616,-9976.702286220001,12099,116,519,-5.556582450866699,0.0007,0.0,12100,101789.1328125,60500,100.0,-1807.4224853515625
1.5631709098815918,-9992.94676938,12199,117,519,-5.574370384216309,0.0007,0.0,12200,101532.7890625,61000,100.0,-1730.1326904296875
1.5631036758422852,-10007.22621751,12299,118,519,-5.572690963745117,0.0007,0.0,12300,101326.1015625,61500,100.0,-1523.259765625
1.5638188123703003,-10037.88869358,12399,119,519,-5.573008060455322,0.0007,0.0,12400,100217.3203125,62000,100.0,-1731.430908203125
1.5609359741210938,-10041.19749032,12499,120,519,-5.56917142868042,0.0007,0.0,12500,101423.7734375,62500,100.0,-1697.9276123046875
1.5514650344848633,-10053.36203088,12599,121,519,-5.550150394439697,0.0007,0.0,12600,100919.9765625,63000,100.0,-1846.515625
1.5477521419525146,-10050.40681479,12699,122,519,-5.542092800140381,0.0007,0.0,12700,101320.765625,63500,100.0,-1586.6871337890625
1.5516184568405151,-10054.2000477,12799,123,520,-5.550727367401123,0.0007,4.172325134277344e-07,12800,100784.5859375,64000,100.0,-1318.9156494140625
1.5578956604003906,-10053.328954999999,12899,124,520,-5.563234329223633,0.0007,0.0,12900,101012.2265625,64500,100.0,-1461.478271484375
1.5596727132797241,-10071.6011958,12999,124,520,-5.570337295532227,0.0007,0.0,13000,100317.453125,65000,100.0,-1953.280517578125
1.5682471990585327,-10083.701338710001,13099,125,520,-5.583676815032959,0.0007,-1.1920928955078125e-07,13100,99844.9609375,65500,100.0,-1582.064208984375
1.5713456869125366,-10083.963224090001,13199,126,520,-5.589273929595947,0.0007,0.0,13200,99662.46875,66000,100.0,-1313.4814453125
1.5700386762619019,-10091.18079319,13299,127,520,-5.585717678070068,0.0007,2.980232238769531e-07,13300,100277.46875,66500,100.0,-1384.76611328125
1.5785901546478271,-10089.16440182,13399,128,520,-5.601251602172852,0.0007,0.0,13400,100003.953125,67000,100.0,-1462.1002197265625
1.574352741241455,-10078.73599945,13499,129,520,-5.594173431396484,0.0007,0.0,13500,99756.9375,67500,100.0,-1409.73388671875
1.569221019744873,-10076.54128216,13599,130,520,-5.590880393981934,0.0007,0.0,13600,100542.4765625,68000,100.0,-1976.1331787109375
1.5738027095794678,-10063.30515696,13699,131,520,-5.5974907875061035,0.0007,0.0,13700,99877.7734375,68500,100.0,-1604.8197021484375
1.5695232152938843,-10044.921440769998,13799,132,520,-5.588919639587402,0.0007,0.0,13800,98750.6328125,69000,100.0,-1384.642578125
1.5818967819213867,-10031.282415439999,13899,133,520,-5.614157676696777,0.0007,0.0,13900,100297.71875,69500,100.0,-1643.8123779296875
1.5858964920043945,-9986.6045164,13999,134,520,-5.620317459106445,0.0007,0.0,14000,99270.9921875,70000,100.0,-1430.5738525390625
1.5903880596160889,-9953.951952919999,14099,135,520,-5.628533840179443,0.0007,0.0,14100,99036.2421875,70500,100.0,-1575.439453125
1.598223090171814,-9793.58009936,14199,136,520,-5.643087863922119,0.0007,-1.1920928955078125e-07,14200,47606.65625,71000,100.0,-1135.546875
1.5977439880371094,-9476.52976379,14299,137,520,-5.644410610198975,0.0007,1.1920928955078125e-07,14300,99284.9765625,71500,100.0,-1920.0859375
1.5963480472564697,-9011.68344433,14399,138,520,-5.640501976013184,0.0007,1.7881393432617188e-07,14400,118.87965393066406,72000,100.0,47.59881591796875
1.5791429281234741,-8545.01106997,14499,139,520,-5.605412483215332,0.0007,0.0,14500,4456.728515625,72500,100.0,-273.490234375
1.5746965408325195,-8062.74862365,14599,140,520,-5.596916198730469,0.0007,0.0,14600,144.8892822265625,73000,100.0,51.18937683105469
1.5621249675750732,-7580.012102420001,14699,141,520,-5.5723419189453125,0.0007,0.0,14700,140.3194580078125,73500,100.0,61.8466796875
1.5437097549438477,-7093.86147163,14799,142,520,-5.5361433029174805,0.0007,0.0,14800,133.9225616455078,74000,100.0,61.491912841796875
1.540462851524353,-6610.47266678,14899,143,520,-5.530153274536133,0.0007,0.0,14900,78.53426361083984,74500,100.0,46.75856018066406
1.5441811084747314,-6124.745200520002,14999,144,520,-5.536402702331543,0.0007,0.0,15000,121.85491180419922,75000,100.0,55.976478576660156
1.540991187095642,-5633.9020608,15099,145,520,-5.526772975921631,0.0007,-1.1920928955078125e-07,15100,68.60749816894531,75500,100.0,46.0828742980957
1.5339678525924683,-5148.54182779,15199,146,520,-5.513568878173828,0.0007,0.0,15200,1502.2193603515625,76000,100.0,-64.6401138305664
1.5303782224655151,-4660.36139132,15299,147,520,-5.506946086883545,0.0007,-1.1920928955078125e-07,15300,100.9402084350586,76500,100.0,42.74129867553711
1.533299446105957,-4170.350021009999,15399,148,520,-5.5090861320495605,0.0007,0.0,15400,75.80427551269531,77000,100.0,46.94707107543945
1.5285584926605225,-3687.58762446,15499,148,520,-5.5023345947265625,0.0007,0.0,15500,126.9855728149414,77500,100.0,51.75563430786133
1.5306576490402222,-3201.94461624,15599,149,520,-5.502080917358398,0.0007,0.0,15600,65.22832489013672,78000,100.0,40.40150833129883
1.5223603248596191,-2732.1524706999994,15699,150,520,-5.488902568817139,0.0007,0.0,15700,70.34923553466797,78500,100.0,37.868255615234375
1.5220346450805664,-2256.38577885,15799,151,520,-5.490706443786621,0.0007,5.960464477539063e-08,15800,1561.49755859375,79000,100.0,-89.1808853149414
1.516646146774292,-1777.89856076,15899,152,520,-5.477915287017822,0.0007,0.0,15900,58.65130615234375,79500,100.0,40.826839447021484
1.5221418142318726,-1330.99330373,15999,153,520,-5.490067958831787,0.0007,0.0,16000,69.69346618652344,80000,100.0,39.72367858886719
1.5193966627120972,-873.5823073900001,16099,154,520,-5.483953475952148,0.0007,0.0,16100,56.26986312866211,80500,100.0,33.47501754760742
1.5125484466552734,-547.4160542600001,16199,155,520,-5.470887660980225,0.0007,0.0,16200,47.414268493652344,81000,100.0,30.097158432006836
1.5059871673583984,-369.17052666,16299,156,520,-5.457749843597412,0.0007,0.0,16300,53.37588119506836,81500,100.0,35.25547790527344
1.5068172216415405,-344.83803415999995,16399,157,520,-5.45761775970459,0.0007,0.0,16400,60.864479064941406,82000,100.0,42.6978645324707
1.4907159805297852,-327.14559338,16499,158,520,-5.428471565246582,0.0007,-1.1920928955078125e-07,16500,46.64597702026367,82500,100.0,32.67619705200195
1.4843149185180664,-314.49128192,16599,159,520,-5.41532039642334,0.0007,0.0,16600,60.71889877319336,83000,100.0,36.906742095947266
1.47383451461792,-307.86668375,16699,160,520,-5.395089626312256,0.0007,-1.1920928955078125e-07,16700,69.7877426147461,83500,100.0,35.59074020385742
1.473140001296997,-307.73494199000004,16799,161,520,-5.393771171569824,0.0007,-1.1920928955078125e-07,16800,54.059242248535156,84000,100.0,37.9324951171875
1.4743894338607788,-303.71983686999994,16899,162,520,-5.39726448059082,0.0007,0.0,16900,53.2625846862793,84500,100.0,36.46112823486328
1.46434485912323,-300.69033008,16999,163,520,-5.3809685707092285,0.0007,0.0,17000,74.75386810302734,85000,100.0,47.91648483276367
1.4498236179351807,-301.15700003,17099,164,520,-5.355077743530273,0.0007,0.0,17100,45.350059509277344,85500,100.0,28.050458908081055
1.434890627861023,-297.93424688,17199,165,520,-5.321065425872803,0.0007,0.0,17200,50.73197555541992,86000,100.0,35.59562683105469
1.4265882968902588,-296.5856935700001,17299,166,520,-5.305078506469727,0.0007,0.0,17300,34.51313018798828,86500,100.0,28.647306442260742
1.4152873754501343,-297.27535155000004,17399,167,520,-5.280503273010254,0.0007,0.0,17400,66.8328628540039,87000,100.0,37.91173553466797
1.4259395599365234,-296.20687287000004,17499,168,520,-5.303962230682373,0.0007,1.1920928955078125e-07,17500,41.293304443359375,87500,100.0,28.092172622680664
1.4241193532943726,-296.34496522,17599,169,520,-5.300503730773926,0.0007,0.0,17600,32.123077392578125,88000,100.0,26.894760131835938
1.4342782497406006,-293.92226863,17699,170,520,-5.3201189041137695,0.0007,0.0,17700,34.25163650512695,88500,100.0,25.712560653686523
1.4260505437850952,-294.57290517000007,17799,170,520,-5.299754619598389,0.0007,0.0,17800,33.71162796020508,89000,100.0,29.637744903564453
1.4171994924545288,-291.70085568,17899,171,520,-5.281887054443359,0.0007,0.0,17900,22.295438766479492,89500,100.0,20.519311904907227
1.4161264896392822,-291.90374475,17999,172,520,-5.277426242828369,0.0007,0.0,18000,30.85687828063965,90000,100.0,25.27008819580078
1.413678526878357,-292.69737,18099,173,520,-5.275165557861328,0.0007,0.0,18100,15.60431957244873,90500,100.0,16.825088500976562
1.4063055515289307,-289.37754761,18199,174,520,-5.259103298187256,0.0007,0.0,18200,30.542469024658203,91000,100.0,30.39961051940918
1.4102492332458496,-289.82076064999995,18299,175,520,-5.267646312713623,0.0007,0.0,18300,13.417648315429688,91500,100.0,19.891340255737305
1.3988738059997559,-287.67218158000003,18399,176,520,-5.247217655181885,0.0007,0.0,18400,13.874053001403809,92000,100.0,15.838950157165527
1.396154761314392,-282.75261376,18499,177,520,-5.241642951965332,0.0007,0.0,18500,17.691160202026367,92500,100.0,17.074554443359375
1.3889148235321045,-284.83615043000003,18599,178,520,-5.225620269775391,0.0007,0.0,18600,23.736303329467773,93000,100.0,23.333372116088867
1.3718540668487549,-287.38730544000003,18699,179,520,-5.189960479736328,0.0007,0.0,18700,11.064946174621582,93500,100.0,15.241538047790527
1.3677482604980469,-285.31417647,18799,180,520,-5.177150249481201,0.0007,0.0,18800,25.654356002807617,94000,100.0,31.605981826782227
1.3608381748199463,-285.83007495000004,18899,181,520,-5.16372013092041,0.0007,0.0,18900,19.636974334716797,94500,100.0,22.50019073486328
1.3578710556030273,-287.44543001,18999,182,520,-5.156525611877441,0.0007,-1.1920928955078125e-07,19000,16.87472152709961,95000,100.0,20.58094596862793
1.3599276542663574,-286.93365661,19099,183,520,-5.160392761230469,0.0007,0.0,19100,14.667037963867188,95500,100.0,17.7377986907959
1.3495852947235107,-287.05660371,19199,184,520,-5.137468338012695,0.0007,0.0,19200,9.511003494262695,96000,100.0,14.870984077453613
1.3465232849121094,-286.04065989,19299,185,520,-5.12837553024292,0.0007,0.0,19300,10.765715599060059,96500,100.0,13.695830345153809
1.3452672958374023,-286.24219775,19399,186,520,-5.123978614807129,0.0007,0.0,19400,22.88646697998047,97000,100.0,24.34158706665039
1.3398268222808838,-284.96245894,19499,187,520,-5.113536357879639,0.0007,0.0,19500,3.669748306274414,97500,100.0,9.100116729736328
1.3296101093292236,-286.22739846,19599,188,520,-5.092766761779785,0.0007,0.0,19600,9.453155517578125,98000,100.0,16.09092140197754
1.3207485675811768,-286.2441169,19699,189,520,-5.07485818862915,0.0007,0.0,19700,17.416959762573242,98500,100.0,17.19633674621582
1.3222618103027344,-286.50536465000005,19799,190,520,-5.077546119689941,0.0007,0.0,19800,4.110871315002441,99000,100.0,8.354621887207031
1.3122434616088867,-286.78358717,19899,191,520,-5.052581787109375,0.0007,0.0,19900,4.860301971435547,99500,100.0,9.38917064666748
1.3039753437042236,-288.59576456,19999,192,520,-5.033851146697998,0.0007,0.0,20000,9.807713508605957,100000,100.0,15.691609382629395
1.3042876720428467,-286.74498983999996,20099,193,520,-5.035624980926514,0.0007,0.0,20100,1.1054432392120361,100500,100.0,4.7706146240234375
1.2940456867218018,-285.3214937,20199,194,520,-5.011422157287598,0.0007,0.0,20200,3.868731737136841,101000,100.0,7.90036153793335
1.2860254049301147,-284.70405702000005,20299,194,520,-4.9932146072387695,0.0007,0.0,20300,5.574978828430176,101500,100.0,9.038484573364258
1.2798054218292236,-282.48455903,20399,195,520,-4.976107120513916,0.0007,0.0,20400,1.5368973016738892,102000,100.0,4.891419887542725
1.2679499387741089,-281.52576701000004,20499,196,520,-4.9474334716796875,0.0007,5.960464477539063e-08,20500,11.47059440612793,102500,100.0,15.018318176269531
1.265166163444519,-281.67267993999997,20599,197,520,-4.939531326293945,0.0007,2.384185791015625e-07,20600,1.3700675964355469,103000,100.0,5.268601417541504
1.2592341899871826,-276.92587939000003,20699,198,520,-4.926509857177734,0.0007,0.0,20700,0.6606432795524597,103500,100.0,3.61076021194458
1.2520513534545898,-272.9110269,20799,199,520,-4.911188125610352,0.0007,0.0,20800,10.961747169494629,104000,100.0,11.091569900512695
1.2453227043151855,-273.71670216,20899,200,520,-4.8931474685668945,0.0007,0.0,20900,3.9612786769866943,104500,100.0,10.110403060913086
1.2379087209701538,-274.76902970000003,20999,201,520,-4.874952793121338,0.0007,0.0,21000,6.178406715393066,105000,100.0,10.024017333984375
1.2307125329971313,-276.55661241,21099,202,520,-4.8561930656433105,0.0007,0.0,21100,2.024268865585327,105500,100.0,6.112432956695557
1.2185510396957397,-277.50041295,21199,203,520,-4.826153755187988,0.0007,0.0,21200,1.9862679243087769,106000,100.0,5.250476837158203
1.2175524234771729,-282.32543504,21299,204,520,-4.820347785949707,0.0007,-1.1920928955078125e-07,21300,4.3189826011657715,106500,100.0,7.908033847808838
1.2166436910629272,-281.86527194000007,21399,205,520,-4.815229415893555,0.0007,0.0,21400,10.496260643005371,107000,100.0,15.187334060668945
1.205808162689209,-283.71900910999994,21499,206,520,-4.785298824310303,0.0007,0.0,21500,6.503959655761719,107500,100.0,11.340249061584473
1.1893802881240845,-284.52064659,21599,207,520,-4.737766265869141,0.0007,0.0,21600,11.778029441833496,108000,100.0,16.25588035583496
1.1763904094696045,-289.24392534,21699,208,520,-4.70378303527832,0.0007,0.0,21700,7.840022563934326,108500,100.0,12.1539888381958
1.165173053741455,-292.39694686000007,21799,209,520,-4.679419994354248,0.0007,1.1920928955078125e-07,21800,3.113410711288452,109000,100.0,5.9248785972595215
1.144917368888855,-300.00935657,21899,210,520,-4.62147331237793,0.0007,0.0,21900,0.3001837432384491,109500,100.0,-1.0286940336227417
1.1313990354537964,-310.00922985,21999,211,520,-4.579030990600586,0.0007,-1.1920928955078125e-07,22000,1.821973443031311,110000,100.0,5.954138278961182
1.118502140045166,-314.23872989000006,22099,212,520,-4.540837287902832,0.0007,0.0,22100,4.721856117248535,110500,100.0,9.054911613464355
1.1082452535629272,-316.98539984,22199,213,520,-4.507816314697266,0.0007,0.0,22200,0.2227710783481598,111000,100.0,-0.1294192373752594
1.0875413417816162,-330.81120547,22299,214,520,-4.448729038238525,0.0007,1.1920928955078125e-07,22300,2.103229522705078,111500,100.0,4.624907493591309
1.0758970975875854,-338.43952005,22399,215,520,-4.4070024490356445,0.0007,0.0,22400,4.492274761199951,112000,100.0,7.048020362854004
1.0584170818328857,-351.77950785999997,22499,216,520,-4.354153633117676,0.0007,0.0,22500,5718.65185546875,112500,100.0,-294.2568054199219
1.0425493717193604,-364.9967311,22599,216,520,-4.305498123168945,0.0007,1.1920928955078125e-07,22600,3.7583158016204834,113000,100.0,5.565800189971924
1.0144588947296143,-375.82052081999996,22699,217,520,-4.221590042114258,0.0007,-1.1920928955078125e-07,22700,8.487298965454102,113500,100.0,8.393460273742676
0.9994203448295593,-389.7061909,22799,218,520,-4.177013397216797,0.0007,0.0,22800,0.5397412180900574,114000,100.0,2.6448707580566406
0.9746629595756531,-390.48348660000005,22899,219,520,-4.103997707366943,0.0007,0.0,22900,15.722291946411133,114500,100.0,12.215258598327637
0.95549076795578,-398.46264898000004,22999,220,520,-4.042180061340332,0.0007,0.0,23000,6.361196517944336,115000,100.0,8.667046546936035
0.9358277320861816,-398.87051876,23099,221,520,-3.9799296855926514,0.0007,0.0,23100,4.237864971160889,115500,100.0,6.915505886077881
0.9190980792045593,-402.34333246999995,23199,222,520,-3.922117233276367,0.0007,0.0,23200,0.5056406855583191,116000,100.0,1.0841671228408813
0.9004229307174683,-408.8696669,23299,223,520,-3.8596508502960205,0.0007,0.0,23300,4.751132011413574,116500,100.0,6.310372352600098
0.8743143081665039,-422.26415505000006,23399,224,520,-3.7708420753479004,0.0007,0.0,23400,1.5875262022018433,117000,100.0,3.9996087551116943
0.8577255010604858,-427.6981171,23499,225,520,-3.7070908546447754,0.0007,0.0,23500,0.7172017097473145,117500,100.0,2.451730251312256
0.842685878276825,-436.92120801,23599,226,520,-3.6517441272735596,0.0007,0.0,23600,2.063049793243408,118000,100.0,4.364675998687744
0.8203566074371338,-437.10422682999996,23699,227,520,-3.567458391189575,0.0007,0.0,23700,1.4342621564865112,118500,100.0,3.658369541168213
0.8039045333862305,-435.2703551299999,23799,228,520,-3.509420871734619,0.0007,0.0,23800,8.185187339782715,119000,100.0,7.24605131149292
0.7868615388870239,-436.40640950999995,23899,229,520,-3.4472076892852783,0.0007,0.0,23900,6.681206703186035,119500,100.0,6.7545061111450195
0.7701088786125183,-428.56403585999993,23999,230,520,-3.379563093185425,0.0007,5.960464477539063e-08,24000,5.971029758453369,120000,100.0,9.623405456542969
