alpha,beta0,Cut,Episode,beta,Average over RMS of Value Estimates
0.1,0.0,0,1,0,1.111494910788311
0.1,0.0,0,2,0,0.9527176086302542
0.1,0.0,0,3,0,0.8299041251248167
0.1,0.0,0,4,0,0.7358738500208566
0.1,0.0,0,5,0,0.6591728769990347
0.1,0.0,0,6,0,0.5962508978937072
0.1,0.0,0,7,0,0.548259128883772
0.1,0.0,0,8,0,0.507658503794298
0.1,0.0,0,9,0,0.4730592073691278
0.1,0.0,0,10,0,0.44125852083010314
0.1,0.0,0,11,0,0.41718678587039504
0.1,0.0,0,12,0,0.39130594587932566
0.1,0.0,0,13,0,0.3686524484791823
0.1,0.0,0,14,0,0.34907891990209683
0.1,0.0,0,15,0,0.33183480169235935
0.1,0.0,0,16,0,0.318286708138414
0.1,0.0,0,17,0,0.30402513904709083
0.1,0.0,0,18,0,0.2899542024002396
0.1,0.0,0,19,0,0.27750790863411323
0.1,0.0,0,20,0,0.2663308609732607
0.1,0.0,0,21,0,0.25459823685302374
0.1,0.0,0,22,0,0.24660695889963474
0.1,0.0,0,23,0,0.23817343547466613
0.1,0.0,0,24,0,0.22580839691467516
0.1,0.0,0,25,0,0.21724220434345276
0.1,0.0,0,26,0,0.20868077322658596
0.1,0.0,0,27,0,0.1995125206421714
0.1,0.0,0,28,0,0.18905697318897852
0.1,0.0,0,29,0,0.1813438406377191
0.1,0.0,0,30,0,0.175604911906837
0.1,0.0,0,31,0,0.17080570471074183
0.1,0.0,0,32,0,0.16547291801390782
0.1,0.0,0,33,0,0.15774174445914868
0.1,0.0,0,34,0,0.1507499968392837
0.1,0.0,0,35,0,0.14500545439805232
0.1,0.0,0,36,0,0.14147264063287995
0.1,0.0,0,37,0,0.13496773738147178
0.1,0.0,0,38,0,0.13148137529307008
0.1,0.0,0,39,0,0.12670823320908503
0.1,0.0,0,40,0,0.12437799900206406
0.1,0.0,0,41,0,0.11836162813878617
0.1,0.0,0,42,0,0.11647551068433037
0.1,0.0,0,43,0,0.11310275617736146
0.1,0.0,0,44,0,0.10976208198358375
0.1,0.0,0,45,0,0.10673815807022934
0.1,0.0,0,46,0,0.10293099544136709
0.1,0.0,0,47,0,0.10024990599063864
0.1,0.0,0,48,0,0.09961323265937228
0.1,0.0,0,49,0,0.09970387671584893
0.1,0.0,0,50,0,0.09487436235557033
0.1,0.0,0,51,0,0.09017939998905884
0.1,0.0,0,52,0,0.08927431053669349
0.1,0.0,0,53,0,0.08691955930269415
0.1,0.0,0,54,0,0.08681895933673629
0.1,0.0,0,55,0,0.0859703831449115
0.1,0.0,0,56,0,0.08364683779447558
0.1,0.0,0,57,0,0.08102026243958821
0.1,0.0,0,58,0,0.08227497331896387
0.1,0.0,0,59,0,0.08371225069503413
0.1,0.0,0,60,0,0.08203329240190667
0.1,0.0,0,61,0,0.07906435933057378
0.1,0.0,0,62,0,0.07663849475302456
0.1,0.0,0,63,0,0.07608932673597402
0.1,0.0,0,64,0,0.07759388615694549
0.1,0.0,0,65,0,0.07299690028685346
0.1,0.0,0,66,0,0.07258818502727288
0.1,0.0,0,67,0,0.06942812590582782
0.1,0.0,0,68,0,0.07216091525979192
0.1,0.0,0,69,0,0.07187443526506153
0.1,0.0,0,70,0,0.07139415240174751
0.1,0.0,0,71,0,0.06983836605955632
0.1,0.0,0,72,0,0.07149219705183411
0.1,0.0,0,73,0,0.06970522158756444
0.1,0.0,0,74,0,0.06893824362534834
0.1,0.0,0,75,0,0.06833252964140862
0.1,0.0,0,76,0,0.06678120928585869
0.1,0.0,0,77,0,0.06640249876204357
0.1,0.0,0,78,0,0.06786219433111489
0.1,0.0,0,79,0,0.06866983482827485
0.1,0.0,0,80,0,0.06606459469404621
0.1,0.0,0,81,0,0.06628098524541136
0.1,0.0,0,82,0,0.0681947899622978
0.1,0.0,0,83,0,0.06869385435851556
0.1,0.0,0,84,0,0.06862029240207229
0.1,0.0,0,85,0,0.0698633814906355
0.1,0.0,0,86,0,0.07150073420663494
0.1,0.0,0,87,0,0.07085660935899417
0.1,0.0,0,88,0,0.067954583373004
0.1,0.0,0,89,0,0.0709313340022856
0.1,0.0,0,90,0,0.06958129382045308
0.1,0.0,0,91,0,0.07070515876299843
0.1,0.0,0,92,0,0.07227948762971023
0.1,0.0,0,93,0,0.07422419861707918
0.1,0.0,0,94,0,0.07463488625006948
0.1,0.0,0,95,0,0.07443204248800768
0.1,0.0,0,96,0,0.07270793942977882
0.1,0.0,0,97,0,0.07360362080385968
0.1,0.0,0,98,0,0.0741676925469822
0.1,0.0,0,99,0,0.07252802866452207
0.1,0.0,0,100,0,0.07274320540911929
0.1,1,0.100000000000000,1,1,1.0657729208621356
0.1,1,0.100000000000000,2,0.100000000000000,0.9061553100823464
0.1,1,0.100000000000000,3,0.0100000000000000,0.7842784315744469
0.1,1,0.100000000000000,4,0.00100000000000000,0.6892153108166617
0.1,1,0.100000000000000,5,0.000100000000000000,0.6124257530780435
0.1,1,0.100000000000000,6,1.00000000000000e-05,0.5501671401453656
0.1,1,0.100000000000000,7,1.00000000000000e-06,0.5053669864069671
0.1,1,0.100000000000000,8,1.00000000000000e-07,0.4655795484228753
0.1,1,0.100000000000000,9,1.00000000000000e-08,0.42952585845882496
0.1,1,0.100000000000000,10,1.00000000000000e-09,0.3999811663799634
0.1,1,0.100000000000000,11,1.00000000000000e-10,0.3746000731795909
0.1,1,0.100000000000000,12,1.00000000000000e-11,0.352950244264514
0.1,1,0.100000000000000,13,1.00000000000000e-12,0.33412205924574956
0.1,1,0.100000000000000,14,1.00000000000000e-13,0.3161733224448305
0.1,1,0.100000000000000,15,1.00000000000000e-14,0.29934286276812677
0.1,1,0.100000000000000,16,1.00000000000000e-15,0.2854778207896136
0.1,1,0.100000000000000,17,1.00000000000000e-16,0.27114484606927897
0.1,1,0.100000000000000,18,1.00000000000000e-17,0.26004627268621205
0.1,1,0.100000000000000,19,1.00000000000000e-18,0.2492825552014125
0.1,1,0.100000000000000,20,1.00000000000000e-19,0.23866218006713372
0.1,1,0.100000000000000,21,1.00000000000000e-20,0.22788498734964605
0.1,1,0.100000000000000,22,1.00000000000000e-21,0.21748331486129682
0.1,1,0.100000000000000,23,1.00000000000000e-22,0.2058829367332807
0.1,1,0.100000000000000,24,1.00000000000000e-23,0.19956203876683046
0.1,1,0.100000000000000,25,1.00000000000000e-24,0.1926432267483874
0.1,1,0.100000000000000,26,1.00000000000000e-25,0.18462247681283497
0.1,1,0.100000000000000,27,1.00000000000000e-26,0.17669438693201683
0.1,1,0.100000000000000,28,1.00000000000000e-27,0.1711245864775768
0.1,1,0.100000000000000,29,1.00000000000000e-28,0.1659763088650851
0.1,1,0.100000000000000,30,1.00000000000000e-29,0.15912103847060594
0.1,1,0.100000000000000,31,1.00000000000000e-30,0.15591169496987559
0.1,1,0.100000000000000,32,1.00000000000000e-31,0.1511559133236055
0.1,1,0.100000000000000,33,1.00000000000000e-32,0.14516126623029027
0.1,1,0.100000000000000,34,1.00000000000000e-33,0.14149783397005883
0.1,1,0.100000000000000,35,1.00000000000000e-34,0.13744918417791074
0.1,1,0.100000000000000,36,1.00000000000000e-35,0.13537282239238008
0.1,1,0.100000000000000,37,1.00000000000000e-36,0.13005064558073537
0.1,1,0.100000000000000,38,1.00000000000000e-37,0.12797673640479146
0.1,1,0.100000000000000,39,1.00000000000000e-38,0.12719701559363825
0.1,1,0.100000000000000,40,1.00000000000000e-39,0.12217257876263629
0.1,1,0.100000000000000,41,1.00000000000000e-40,0.11704269346653973
0.1,1,0.100000000000000,42,1.00000000000000e-41,0.11682779166346835
0.1,1,0.100000000000000,43,1.00000000000000e-42,0.11318282206231398
0.1,1,0.100000000000000,44,1.00000000000000e-43,0.11117727844644099
0.1,1,0.100000000000000,45,1.00000000000000e-44,0.10556311783555544
0.1,1,0.100000000000000,46,1.00000000000000e-45,0.10346466462239942
0.1,1,0.100000000000000,47,1.00000000000000e-46,0.10012087924492027
0.1,1,0.100000000000000,48,1.00000000000000e-47,0.10045084354337933
0.1,1,0.100000000000000,49,1.00000000000000e-48,0.09615100202280588
0.1,1,0.100000000000000,50,1.00000000000000e-49,0.09462973271633443
0.1,1,0.100000000000000,51,1.00000000000000e-50,0.09084818978054203
0.1,1,0.100000000000000,52,1.00000000000000e-51,0.08956969907280837
0.1,1,0.100000000000000,53,1.00000000000000e-52,0.08708970059625204
0.1,1,0.100000000000000,54,1.00000000000000e-53,0.0842469930968249
0.1,1,0.100000000000000,55,1.00000000000000e-54,0.08307902639806913
0.1,1,0.100000000000000,56,1.00000000000000e-55,0.08150074833247192
0.1,1,0.100000000000000,57,1.00000000000000e-56,0.07963798962760718
0.1,1,0.100000000000000,58,1.00000000000000e-57,0.07929089626369747
0.1,1,0.100000000000000,59,1.00000000000000e-58,0.07761751571413708
0.1,1,0.100000000000000,60,1.00000000000000e-59,0.07631136157441383
0.1,1,0.100000000000000,61,1.00000000000000e-60,0.0760205181147734
0.1,1,0.100000000000000,62,1.00000000000000e-61,0.07368322185246529
0.1,1,0.100000000000000,63,1.00000000000000e-62,0.07403558653599136
0.1,1,0.100000000000000,64,1.00000000000000e-63,0.07118866373404384
0.1,1,0.100000000000000,65,1.00000000000000e-64,0.06995892647234504
0.1,1,0.100000000000000,66,1.00000000000000e-65,0.06965736518596044
0.1,1,0.100000000000000,67,1.00000000000000e-66,0.0687274411820112
0.1,1,0.100000000000000,68,1.00000000000000e-67,0.07065762643915491
0.1,1,0.100000000000000,69,1.00000000000000e-68,0.07184622414070035
0.1,1,0.100000000000000,70,1.00000000000000e-69,0.07257480891106668
0.1,1,0.100000000000000,71,1.00000000000000e-70,0.07064613409526754
0.1,1,0.100000000000000,72,1.00000000000000e-71,0.07205965068070105
0.1,1,0.100000000000000,73,1.00000000000000e-72,0.07306236721059255
0.1,1,0.100000000000000,74,1.00000000000000e-73,0.07206525368547007
0.1,1,0.100000000000000,75,1.00000000000000e-74,0.0719752596262192
0.1,1,0.100000000000000,76,1.00000000000000e-75,0.07080223387797402
0.1,1,0.100000000000000,77,1.00000000000000e-76,0.07354672580826717
0.1,1,0.100000000000000,78,1.00000000000000e-77,0.06810160316856159
0.1,1,0.100000000000000,79,1.00000000000000e-78,0.06589975392955295
0.1,1,0.100000000000000,80,1.00000000000000e-79,0.06577658128577847
0.1,1,0.100000000000000,81,1.00000000000000e-80,0.06441695123900926
0.1,1,0.100000000000000,82,1.00000000000000e-81,0.06319490404744434
0.1,1,0.100000000000000,83,1.00000000000000e-82,0.06277602342736774
0.1,1,0.100000000000000,84,1.00000000000000e-83,0.06407627230183208
0.1,1,0.100000000000000,85,1.00000000000000e-84,0.06287145008954934
0.1,1,0.100000000000000,86,1.00000000000000e-85,0.06334256692156277
0.1,1,0.100000000000000,87,1.00000000000000e-86,0.06313677831699793
0.1,1,0.100000000000000,88,1.00000000000000e-87,0.06262355563134736
0.1,1,0.100000000000000,89,1.00000000000000e-88,0.06244067273538791
0.1,1,0.100000000000000,90,1.00000000000001e-89,0.06366320899553445
0.1,1,0.100000000000000,91,1.00000000000001e-90,0.0646080149901072
0.1,1,0.100000000000000,92,1.00000000000001e-91,0.06271121341374263
0.1,1,0.100000000000000,93,1.00000000000001e-92,0.06261234818566308
0.1,1,0.100000000000000,94,1.00000000000001e-93,0.06312785261496519
0.1,1,0.100000000000000,95,1.00000000000001e-94,0.0638833791680395
0.1,1,0.100000000000000,96,1.00000000000001e-95,0.06666621972020528
0.1,1,0.100000000000000,97,1.00000000000001e-96,0.06718544962364328
0.1,1,0.100000000000000,98,1.00000000000001e-97,0.06672175851647062
0.1,1,0.100000000000000,99,1.00000000000001e-98,0.06526291950967267
0.1,1,0.100000000000000,100,1.00000000000001e-99,0.06723408601533729
0.1,1,1,1,1,1.0796120822492632
0.1,1,1,2,1,0.8508814160025071
0.1,1,1,3,1,0.6865134548528142
0.1,1,1,4,1,0.5436162879727994
0.1,1,1,5,1,0.4314049907679482
0.1,1,1,6,1,0.35728852435077435
0.1,1,1,7,1,0.28834950245762875
0.1,1,1,8,1,0.24996600420552847
0.1,1,1,9,1,0.2243128918906116
0.1,1,1,10,1,0.2272329062402066
0.1,1,1,11,1,0.23781744395553178
0.1,1,1,12,1,0.25917259415331695
0.1,1,1,13,1,0.28286537477881474
0.1,1,1,14,1,0.3035976573032892
0.1,1,1,15,1,0.32117133645979257
0.1,1,1,16,1,0.36192695706779743
0.1,1,1,17,1,0.388811000733862
0.1,1,1,18,1,0.4141156696043703
0.1,1,1,19,1,0.4297628961840107
0.1,1,1,20,1,0.46480678206029885
0.1,1,1,21,1,0.4919980123738615
0.1,1,1,22,1,0.5153888395717704
0.1,1,1,23,1,0.5259066142930964
0.1,1,1,24,1,0.5513228608373507
0.1,1,1,25,1,0.5741554157295663
0.1,1,1,26,1,0.5900073678129049
0.1,1,1,27,1,0.6182246238653765
0.1,1,1,28,1,0.6404142473899722
0.1,1,1,29,1,0.6597170565703258
0.1,1,1,30,1,0.6853939345780575
0.1,1,1,31,1,0.7039482088020627
0.1,1,1,32,1,0.7196127527730016
0.1,1,1,33,1,0.7338387354545424
0.1,1,1,34,1,0.7439470352609314
0.1,1,1,35,1,0.7688879016824235
0.1,1,1,36,1,0.7802080221591844
0.1,1,1,37,1,0.8027941138345372
0.1,1,1,38,1,0.8202628449913212
0.1,1,1,39,1,0.8338980887385031
0.1,1,1,40,1,0.844915671903239
0.1,1,1,41,1,0.8663079439209889
0.1,1,1,42,1,0.8679799287464935
0.1,1,1,43,1,0.8774643399244504
0.1,1,1,44,1,0.8980310407224122
0.1,1,1,45,1,0.9061966446886014
0.1,1,1,46,1,0.9233503523393846
0.1,1,1,47,1,0.9310045678867263
0.1,1,1,48,1,0.9413617625361985
0.1,1,1,49,1,0.9599367049406492
0.1,1,1,50,1,0.984005836707711
0.1,1,1,51,1,0.9857411204219052
0.1,1,1,52,1,0.9946891717663681
0.1,1,1,53,1,1.001265042047387
0.1,1,1,54,1,1.0015796152187877
0.1,1,1,55,1,1.0031900085546068
0.1,1,1,56,1,1.0137753672633736
0.1,1,1,57,1,1.0192402680194719
0.1,1,1,58,1,1.0283212312732264
0.1,1,1,59,1,1.0385612099036967
0.1,1,1,60,1,1.0367618532969625
0.1,1,1,61,1,1.0356819043980294
0.1,1,1,62,1,1.041224435266337
0.1,1,1,63,1,1.0531828726994028
0.1,1,1,64,1,1.0703973418832524
0.1,1,1,65,1,1.0805838810137693
0.1,1,1,66,1,1.0803705831631931
0.1,1,1,67,1,1.0919819584796313
0.1,1,1,68,1,1.0897664486248433
0.1,1,1,69,1,1.0892293018436363
0.1,1,1,70,1,1.0870577553216874
0.1,1,1,71,1,1.1022334580099598
0.1,1,1,72,1,1.1181583870366176
0.1,1,1,73,1,1.1097726108934338
0.1,1,1,74,1,1.1165015333060089
0.1,1,1,75,1,1.1132265687723537
0.1,1,1,76,1,1.1205451211638522
0.1,1,1,77,1,1.1202690288008548
0.1,1,1,78,1,1.117210195352518
0.1,1,1,79,1,1.1076528614421843
0.1,1,1,80,1,1.1138906639710964
0.1,1,1,81,1,1.1212156524081063
0.1,1,1,82,1,1.133915991122494
0.1,1,1,83,1,1.1407182226408177
0.1,1,1,84,1,1.158401922924423
0.1,1,1,85,1,1.1599635017078191
0.1,1,1,86,1,1.152676359480825
0.1,1,1,87,1,1.1531819400929268
0.1,1,1,88,1,1.1520678176419896
0.1,1,1,89,1,1.160732265954786
0.1,1,1,90,1,1.1556718897682252
0.1,1,1,91,1,1.154457146905448
0.1,1,1,92,1,1.1577185894228013
0.1,1,1,93,1,1.1494933720978124
0.1,1,1,94,1,1.1668814692050362
0.1,1,1,95,1,1.158212466881869
0.1,1,1,96,1,1.1641925603793242
0.1,1,1,97,1,1.1655696655679255
0.1,1,1,98,1,1.1566646436916992
0.1,1,1,99,1,1.156692324293486
0.1,1,1,100,1,1.157853297463489
0.1,1,0.500000000000000,1,1,1.0541461498198215
0.1,1,0.500000000000000,2,0.500000000000000,0.8773555046413992
0.1,1,0.500000000000000,3,0.250000000000000,0.7467240122815716
0.1,1,0.500000000000000,4,0.125000000000000,0.6570550886838354
0.1,1,0.500000000000000,5,0.0625000000000000,0.5807603121195613
0.1,1,0.500000000000000,6,0.0312500000000000,0.5145680124458746
0.1,1,0.500000000000000,7,0.0156250000000000,0.46633198064915843
0.1,1,0.500000000000000,8,0.00781250000000000,0.4308694058525944
0.1,1,0.500000000000000,9,0.00390625000000000,0.40010065770594444
0.1,1,0.500000000000000,10,0.00195312500000000,0.3726149974570317
0.1,1,0.500000000000000,11,0.000976562500000000,0.35401083688967183
0.1,1,0.500000000000000,12,0.000488281250000000,0.3363805523329114
0.1,1,0.500000000000000,13,0.000244140625000000,0.31563324307389584
0.1,1,0.500000000000000,14,0.000122070312500000,0.30178894081287966
0.1,1,0.500000000000000,15,6.10351562500000e-05,0.28825302363820887
0.1,1,0.500000000000000,16,3.05175781250000e-05,0.27542434935354043
0.1,1,0.500000000000000,17,1.52587890625000e-05,0.2651644851416987
0.1,1,0.500000000000000,18,7.62939453125000e-06,0.2515878929431563
0.1,1,0.500000000000000,19,3.81469726562500e-06,0.24094469140766556
0.1,1,0.500000000000000,20,1.90734863281250e-06,0.23020806605100994
0.1,1,0.500000000000000,21,9.53674316406250e-07,0.22036354419951606
0.1,1,0.500000000000000,22,4.76837158203125e-07,0.2111748762887947
0.1,1,0.500000000000000,23,2.38418579101563e-07,0.20506997668106017
0.1,1,0.500000000000000,24,1.19209289550781e-07,0.19650504277148687
0.1,1,0.500000000000000,25,5.96046447753906e-08,0.18765724753472668
0.1,1,0.500000000000000,26,2.98023223876953e-08,0.18222930399314552
0.1,1,0.500000000000000,27,1.49011611938477e-08,0.1736312630877239
0.1,1,0.500000000000000,28,7.45058059692383e-09,0.16760430254108122
0.1,1,0.500000000000000,29,3.72529029846191e-09,0.1589297360048576
0.1,1,0.500000000000000,30,1.86264514923096e-09,0.15413412065867219
0.1,1,0.500000000000000,31,9.31322574615479e-10,0.14847233020975759
0.1,1,0.500000000000000,32,4.65661287307739e-10,0.14501335026316592
0.1,1,0.500000000000000,33,2.32830643653870e-10,0.1389335506403223
0.1,1,0.500000000000000,34,1.16415321826935e-10,0.13600779152238693
0.1,1,0.500000000000000,35,5.82076609134674e-11,0.13237992871040075
0.1,1,0.500000000000000,36,2.91038304567337e-11,0.12864471555282095
0.1,1,0.500000000000000,37,1.45519152283669e-11,0.12260567694207623
0.1,1,0.500000000000000,38,7.27595761418343e-12,0.11920763862871396
0.1,1,0.500000000000000,39,3.63797880709171e-12,0.11767401360804039
0.1,1,0.500000000000000,40,1.81898940354586e-12,0.11623768564192029
0.1,1,0.500000000000000,41,9.09494701772928e-13,0.11326093318046368
0.1,1,0.500000000000000,42,4.54747350886464e-13,0.11078629745861836
0.1,1,0.500000000000000,43,2.27373675443232e-13,0.11056184611849107
0.1,1,0.500000000000000,44,1.13686837721616e-13,0.10437076887714991
0.1,1,0.500000000000000,45,5.68434188608080e-14,0.10085564486052481
0.1,1,0.500000000000000,46,2.84217094304040e-14,0.09781492079797356
0.1,1,0.500000000000000,47,1.42108547152020e-14,0.09633367421764277
0.1,1,0.500000000000000,48,7.10542735760100e-15,0.09125732874099139
0.1,1,0.500000000000000,49,3.55271367880050e-15,0.08931443658300985
0.1,1,0.500000000000000,50,1.77635683940025e-15,0.08727299200177638
0.1,1,0.500000000000000,51,8.88178419700125e-16,0.08460950004432168
0.1,1,0.500000000000000,52,4.44089209850063e-16,0.08203281080577696
0.1,1,0.500000000000000,53,2.22044604925031e-16,0.08200786091351318
0.1,1,0.500000000000000,54,1.11022302462516e-16,0.07894898430373219
0.1,1,0.500000000000000,55,5.55111512312578e-17,0.07804601635899168
0.1,1,0.500000000000000,56,2.77555756156289e-17,0.07802220766728875
0.1,1,0.500000000000000,57,1.38777878078145e-17,0.07688368010260811
0.1,1,0.500000000000000,58,6.93889390390723e-18,0.07481656914665723
0.1,1,0.500000000000000,59,3.46944695195361e-18,0.07509465614401317
0.1,1,0.500000000000000,60,1.73472347597681e-18,0.07629488403822933
0.1,1,0.500000000000000,61,8.67361737988404e-19,0.07378230055054871
0.1,1,0.500000000000000,62,4.33680868994202e-19,0.07483335827358728
0.1,1,0.500000000000000,63,2.16840434497101e-19,0.07343358185741657
0.1,1,0.500000000000000,64,1.08420217248550e-19,0.07620795187990889
0.1,1,0.500000000000000,65,5.42101086242752e-20,0.07661252808810254
0.1,1,0.500000000000000,66,2.71050543121376e-20,0.0771794503172299
0.1,1,0.500000000000000,67,1.35525271560688e-20,0.07891461832392735
0.1,1,0.500000000000000,68,6.77626357803440e-21,0.07800815385014769
0.1,1,0.500000000000000,69,3.38813178901720e-21,0.07634413874294795
0.1,1,0.500000000000000,70,1.69406589450860e-21,0.07595452408894716
0.1,1,0.500000000000000,71,8.47032947254300e-22,0.074446873788359
0.1,1,0.500000000000000,72,4.23516473627150e-22,0.07295785484452887
0.1,1,0.500000000000000,73,2.11758236813575e-22,0.0710117564271572
0.1,1,0.500000000000000,74,1.05879118406788e-22,0.06952168610412367
0.1,1,0.500000000000000,75,5.29395592033938e-23,0.06765908119444958
0.1,1,0.500000000000000,76,2.64697796016969e-23,0.06766368768978845
0.1,1,0.500000000000000,77,1.32348898008484e-23,0.06894886735569541
0.1,1,0.500000000000000,78,6.61744490042422e-24,0.07085322260313205
0.1,1,0.500000000000000,79,3.30872245021211e-24,0.06894325185906407
0.1,1,0.500000000000000,80,1.65436122510606e-24,0.07010262098493422
0.1,1,0.500000000000000,81,8.27180612553028e-25,0.06895394181592429
0.1,1,0.500000000000000,82,4.13590306276514e-25,0.06835148882622205
0.1,1,0.500000000000000,83,2.06795153138257e-25,0.06999666591119748
0.1,1,0.500000000000000,84,1.03397576569128e-25,0.0707703050296399
0.1,1,0.500000000000000,85,5.16987882845642e-26,0.07022634276048678
0.1,1,0.500000000000000,86,2.58493941422821e-26,0.0673748918898172
0.1,1,0.500000000000000,87,1.29246970711411e-26,0.06784888808883328
0.1,1,0.500000000000000,88,6.46234853557053e-27,0.06725091308488397
0.1,1,0.500000000000000,89,3.23117426778526e-27,0.06923190213703083
0.1,1,0.500000000000000,90,1.61558713389263e-27,0.06493085436539967
0.1,1,0.500000000000000,91,8.07793566946316e-28,0.06561443390654087
0.1,1,0.500000000000000,92,4.03896783473158e-28,0.06430005850518898
0.1,1,0.500000000000000,93,2.01948391736579e-28,0.06640961419063071
0.1,1,0.500000000000000,94,1.00974195868290e-28,0.06501622289717612
0.1,1,0.500000000000000,95,5.04870979341448e-29,0.06549068436932381
0.1,1,0.500000000000000,96,2.52435489670724e-29,0.06524120148702858
0.1,1,0.500000000000000,97,1.26217744835362e-29,0.06494490839016231
0.1,1,0.500000000000000,98,6.31088724176809e-30,0.06591653553047962
0.1,1,0.500000000000000,99,3.15544362088405e-30,0.0670945716629928
0.1,1,0.500000000000000,100,1.57772181044202e-30,0.06609066549545163
0.1,1,0.900000000000000,1,1,1.042096353398564
0.1,1,0.900000000000000,2,0.900000000000000,0.8495483004397185
0.1,1,0.900000000000000,3,0.810000000000000,0.6932410610908558
0.1,1,0.900000000000000,4,0.729000000000000,0.5729919836133923
0.1,1,0.900000000000000,5,0.656100000000000,0.4653278531917647
0.1,1,0.900000000000000,6,0.590490000000000,0.3930582041134569
0.1,1,0.900000000000000,7,0.531441000000000,0.3267714136807859
0.1,1,0.900000000000000,8,0.478296900000000,0.2829731030794177
0.1,1,0.900000000000000,9,0.430467210000000,0.24850301466571598
0.1,1,0.900000000000000,10,0.387420489000000,0.21918127669897342
0.1,1,0.900000000000000,11,0.348678440100000,0.19434533943219212
0.1,1,0.900000000000000,12,0.313810596090000,0.17486189901607735
0.1,1,0.900000000000000,13,0.282429536481000,0.16212548452047112
0.1,1,0.900000000000000,14,0.254186582832900,0.1477708975019474
0.1,1,0.900000000000000,15,0.228767924549610,0.13513632971143796
0.1,1,0.900000000000000,16,0.205891132094649,0.12442000823545595
0.1,1,0.900000000000000,17,0.185302018885184,0.11639075891946508
0.1,1,0.900000000000000,18,0.166771816996666,0.10970555054262396
0.1,1,0.900000000000000,19,0.150094635296999,0.10488390516481699
0.1,1,0.900000000000000,20,0.135085171767299,0.10028212763842802
0.1,1,0.900000000000000,21,0.121576654590569,0.09734050260856218
0.1,1,0.900000000000000,22,0.109418989131512,0.0944729448654914
0.1,1,0.900000000000000,23,0.0984770902183612,0.08956021078563138
0.1,1,0.900000000000000,24,0.0886293811965251,0.08736508851996141
0.1,1,0.900000000000000,25,0.0797664430768726,0.08319859696532307
0.1,1,0.900000000000000,26,0.0717897987691853,0.08231137107463635
0.1,1,0.900000000000000,27,0.0646108188922668,0.07982962217886716
0.1,1,0.900000000000000,28,0.0581497370030401,0.07733747416934268
0.1,1,0.900000000000000,29,0.0523347633027361,0.07489096068396284
0.1,1,0.900000000000000,30,0.0471012869724625,0.07747557415941767
0.1,1,0.900000000000000,31,0.0423911582752162,0.0754642458535368
0.1,1,0.900000000000000,32,0.0381520424476946,0.07581337042332552
0.1,1,0.900000000000000,33,0.0343368382029252,0.07261998124796869
0.1,1,0.900000000000000,34,0.0309031543826326,0.06902811150954828
0.1,1,0.900000000000000,35,0.0278128389443694,0.06826555145233054
0.1,1,0.900000000000000,36,0.0250315550499324,0.06920612553639935
0.1,1,0.900000000000000,37,0.0225283995449392,0.06630185498531554
0.1,1,0.900000000000000,38,0.0202755595904453,0.06820430421768474
0.1,1,0.900000000000000,39,0.0182480036314008,0.06614863077719337
0.1,1,0.900000000000000,40,0.0164232032682607,0.06875033027123797
0.1,1,0.900000000000000,41,0.0147808829414346,0.06791524538183252
0.1,1,0.900000000000000,42,0.0133027946472911,0.06809785115803103
0.1,1,0.900000000000000,43,0.0119725151825620,0.07113439181779982
0.1,1,0.900000000000000,44,0.0107752636643058,0.06950883036656587
0.1,1,0.900000000000000,45,0.00969773729787525,0.07293049481162718
0.1,1,0.900000000000000,46,0.00872796356808772,0.07173017188442665
0.1,1,0.900000000000000,47,0.00785516721127895,0.07284320095785865
0.1,1,0.900000000000000,48,0.00706965049015106,0.07315855125392993
0.1,1,0.900000000000000,49,0.00636268544113595,0.07055146468915742
0.1,1,0.900000000000000,50,0.00572641689702236,0.0717109160928226
0.1,1,0.900000000000000,51,0.00515377520732012,0.07180261580065198
0.1,1,0.900000000000000,52,0.00463839768658811,0.07155437149484505
0.1,1,0.900000000000000,53,0.00417455791792930,0.07007182315644805
0.1,1,0.900000000000000,54,0.00375710212613637,0.0698779599240236
0.1,1,0.900000000000000,55,0.00338139191352273,0.0714181902654542
0.1,1,0.900000000000000,56,0.00304325272217046,0.06835557134310898
0.1,1,0.900000000000000,57,0.00273892744995341,0.06815896680578135
0.1,1,0.900000000000000,58,0.00246503470495807,0.06899748457332425
0.1,1,0.900000000000000,60,0.00221853123446226,0.0683686862398388
0.1,1,0.900000000000000,59,0.00199667811101604,0.06868716976811677
0.1,1,0.900000000000000,61,0.00179701029991443,0.0698363182878548
0.1,1,0.900000000000000,62,0.00161730926992299,0.0698405027746219
0.1,1,0.900000000000000,63,0.00145557834293069,0.0699906980415337
0.1,1,0.900000000000000,64,0.00131002050863762,0.06979260907489589
0.1,1,0.900000000000000,65,0.00117901845777386,0.06945589297718763
0.1,1,0.900000000000000,66,0.00106111661199647,0.0718363142866764
0.1,1,0.900000000000000,67,0.000955004950796827,0.06990061927552638
0.1,1,0.900000000000000,68,0.000859504455717144,0.06936899124568069
0.1,1,0.900000000000000,69,0.000773554010145430,0.06837016990307325
0.1,1,0.900000000000000,70,0.000696198609130887,0.06864612448546986
0.1,1,0.900000000000000,71,0.000626578748217798,0.06447033744343324
0.1,1,0.900000000000000,72,0.000563920873396018,0.0651908257234044
0.1,1,0.900000000000000,73,0.000507528786056417,0.06613365212148828
0.1,1,0.900000000000000,74,0.000456775907450775,0.06585722594279039
0.1,1,0.900000000000000,75,0.000411098316705697,0.06621772014863171
0.1,1,0.900000000000000,76,0.000369988485035128,0.06373362871664283
0.1,1,0.900000000000000,77,0.000332989636531615,0.06428414314243507
0.1,1,0.900000000000000,78,0.000299690672878453,0.06559217345623325
0.1,1,0.900000000000000,79,0.000269721605590608,0.06522193649687434
0.1,1,0.900000000000000,80,0.000242749445031547,0.06677332419257759
0.1,1,0.900000000000000,81,0.000218474500528393,0.06643665887267665
0.1,1,0.900000000000000,82,0.000196627050475553,0.06678878557051748
0.1,1,0.900000000000000,83,0.000176964345427998,0.06446516388209324
0.1,1,0.900000000000000,84,0.000159267910885198,0.06266777125501202
0.1,1,0.900000000000000,85,0.000143341119796678,0.061773383119983025
0.1,1,0.900000000000000,86,0.000129007007817011,0.061814515651910505
0.1,1,0.900000000000000,87,0.000116106307035309,0.06305697816439754
0.1,1,0.900000000000000,88,0.000104495676331779,0.06205165822640508
0.1,1,0.900000000000000,89,9.40461086986007e-05,0.0632473293771064
0.1,1,0.900000000000000,90,8.46414978287406e-05,0.06450469124932373
0.1,1,0.900000000000000,91,7.61773480458666e-05,0.06674362156778248
0.1,1,0.900000000000000,92,6.85596132412799e-05,0.06810020986352613
0.1,1,0.900000000000000,93,6.17036519171519e-05,0.0686337198393287
0.1,1,0.900000000000000,94,5.55332867254367e-05,0.06717183614169009
0.1,1,0.900000000000000,95,4.99799580528931e-05,0.06697908241611557
0.1,1,0.900000000000000,96,4.49819622476038e-05,0.06760844657583832
0.1,1,0.900000000000000,97,4.04837660228434e-05,0.06895208201515732
0.1,1,0.900000000000000,98,3.64353894205590e-05,0.06761803477447464
0.1,1,0.900000000000000,99,3.27918504785031e-05,0.06883256056952415
0.1,1,0.900000000000000,100,2.95126654306528e-05,0.06696599512779965
